{"cameraMode":{"drawMode":0,"name":"Shaded","section":"Shading Mode"},"sceneLighting":true,"audioPlay":false,"sceneViewState":{"m_AlwaysRefresh":false,"showFog":true,"showSkybox":true,"showFlares":true,"showImageEffects":true,"showParticleSystems":true,"showVisualEffectGraphs":true,"m_FxEnabled":true},"in2DMode":false,"pivot":{"x":-9.550607681274414,"y":20.912519454956056,"z":-15.173568725585938},"rotation":{"x":0.04001983255147934,"y":-0.30298668146133425,"z":0.012739124707877636,"w":0.9520750641822815},"size":12.12435531616211,"orthographic":false}